{
  "hash": "3f14ece0",
  "configHash": "087755b6",
  "lockfileHash": "bb6bc1e8",
  "browserHash": "ab4952f1",
  "optimized": {
    "@angular/cdk/text-field": {
      "src": "../../../../../../node_modules/@angular/cdk/fesm2022/text-field.mjs",
      "file": "@angular_cdk_text-field.js",
      "fileHash": "36184ac2",
      "needsInterop": false
    },
    "@angular/common": {
      "src": "../../../../../../node_modules/@angular/common/fesm2022/common.mjs",
      "file": "@angular_common.js",
      "fileHash": "955e3aa1",
      "needsInterop": false
    },
    "@angular/core": {
      "src": "../../../../../../node_modules/@angular/core/fesm2022/core.mjs",
      "file": "@angular_core.js",
      "fileHash": "3a05223d",
      "needsInterop": false
    },
    "@angular/fire/app": {
      "src": "../../../../../../node_modules/@angular/fire/fesm2022/angular-fire-app.mjs",
      "file": "@angular_fire_app.js",
      "fileHash": "432ce876",
      "needsInterop": false
    },
    "@angular/fire/firestore": {
      "src": "../../../../../../node_modules/@angular/fire/fesm2022/angular-fire-firestore.mjs",
      "file": "@angular_fire_firestore.js",
      "fileHash": "3295b841",
      "needsInterop": false
    },
    "@angular/forms": {
      "src": "../../../../../../node_modules/@angular/forms/fesm2022/forms.mjs",
      "file": "@angular_forms.js",
      "fileHash": "d6f3d6ad",
      "needsInterop": false
    },
    "@angular/material/button": {
      "src": "../../../../../../node_modules/@angular/material/fesm2022/button.mjs",
      "file": "@angular_material_button.js",
      "fileHash": "fdd02976",
      "needsInterop": false
    },
    "@angular/material/core": {
      "src": "../../../../../../node_modules/@angular/material/fesm2022/core.mjs",
      "file": "@angular_material_core.js",
      "fileHash": "cd52dfa3",
      "needsInterop": false
    },
    "@angular/material/datepicker": {
      "src": "../../../../../../node_modules/@angular/material/fesm2022/datepicker.mjs",
      "file": "@angular_material_datepicker.js",
      "fileHash": "e9dec473",
      "needsInterop": false
    },
    "@angular/material/form-field": {
      "src": "../../../../../../node_modules/@angular/material/fesm2022/form-field.mjs",
      "file": "@angular_material_form-field.js",
      "fileHash": "5086a58e",
      "needsInterop": false
    },
    "@angular/material/input": {
      "src": "../../../../../../node_modules/@angular/material/fesm2022/input.mjs",
      "file": "@angular_material_input.js",
      "fileHash": "d4616e16",
      "needsInterop": false
    },
    "@angular/platform-browser": {
      "src": "../../../../../../node_modules/@angular/platform-browser/fesm2022/platform-browser.mjs",
      "file": "@angular_platform-browser.js",
      "fileHash": "4b06c6fc",
      "needsInterop": false
    },
    "@angular/platform-browser/animations/async": {
      "src": "../../../../../../node_modules/@angular/platform-browser/fesm2022/animations/async.mjs",
      "file": "@angular_platform-browser_animations_async.js",
      "fileHash": "6257894e",
      "needsInterop": false
    },
    "@angular/platform-server": {
      "src": "../../../../../../node_modules/@angular/platform-server/fesm2022/platform-server.mjs",
      "file": "@angular_platform-server.js",
      "fileHash": "3b489678",
      "needsInterop": false
    },
    "@angular/router": {
      "src": "../../../../../../node_modules/@angular/router/fesm2022/router.mjs",
      "file": "@angular_router.js",
      "fileHash": "2ceade47",
      "needsInterop": false
    },
    "cytoscape": {
      "src": "../../../../../../node_modules/cytoscape/dist/cytoscape.esm.mjs",
      "file": "cytoscape.js",
      "fileHash": "61749bc1",
      "needsInterop": false
    },
    "firebase/app": {
      "src": "../../../../../../node_modules/firebase/app/dist/index.mjs",
      "file": "firebase_app.js",
      "fileHash": "477cc99d",
      "needsInterop": false
    },
    "firebase/firestore": {
      "src": "../../../../../../node_modules/firebase/firestore/dist/index.mjs",
      "file": "firebase_firestore.js",
      "fileHash": "71ff8700",
      "needsInterop": false
    },
    "ngx-quill": {
      "src": "../../../../../../node_modules/ngx-quill/fesm2022/ngx-quill.mjs",
      "file": "ngx-quill.js",
      "fileHash": "220175d9",
      "needsInterop": false
    },
    "quill": {
      "src": "../../../../../../node_modules/quill/quill.js",
      "file": "quill.js",
      "fileHash": "5c9daa3a",
      "needsInterop": false
    }
  },
  "chunks": {
    "browser-P5XPHZTC": {
      "file": "browser-P5XPHZTC.js"
    },
    "xhr2-3TESS4KC": {
      "file": "xhr2-3TESS4KC.js"
    },
    "chunk-ITO7J5LF": {
      "file": "chunk-ITO7J5LF.js"
    },
    "chunk-TSWGZEDE": {
      "file": "chunk-TSWGZEDE.js"
    },
    "chunk-FOX7AIS5": {
      "file": "chunk-FOX7AIS5.js"
    },
    "chunk-GLKVLV4U": {
      "file": "chunk-GLKVLV4U.js"
    },
    "chunk-I7ESNCTT": {
      "file": "chunk-I7ESNCTT.js"
    },
    "chunk-7BPY4XYS": {
      "file": "chunk-7BPY4XYS.js"
    },
    "chunk-Q3UVCCLT": {
      "file": "chunk-Q3UVCCLT.js"
    },
    "chunk-6BJ476LA": {
      "file": "chunk-6BJ476LA.js"
    },
    "chunk-IQ2BY3RQ": {
      "file": "chunk-IQ2BY3RQ.js"
    },
    "chunk-7JL7UIBN": {
      "file": "chunk-7JL7UIBN.js"
    },
    "chunk-AG7HUSEX": {
      "file": "chunk-AG7HUSEX.js"
    },
    "chunk-QQMB4HLI": {
      "file": "chunk-QQMB4HLI.js"
    },
    "chunk-CWPBPKTY": {
      "file": "chunk-CWPBPKTY.js"
    },
    "chunk-KRVPCK3J": {
      "file": "chunk-KRVPCK3J.js"
    },
    "chunk-JJTKTLH6": {
      "file": "chunk-JJTKTLH6.js"
    },
    "chunk-MYH662QH": {
      "file": "chunk-MYH662QH.js"
    },
    "chunk-LKDWXENB": {
      "file": "chunk-LKDWXENB.js"
    }
  }
}