{
  "hash": "2a7f03f9",
  "configHash": "ffb53b96",
  "lockfileHash": "bb6bc1e8",
  "browserHash": "46fa134c",
  "optimized": {
    "@angular/cdk/text-field": {
      "src": "../../../../../../node_modules/@angular/cdk/fesm2022/text-field.mjs",
      "file": "@angular_cdk_text-field.js",
      "fileHash": "950858f5",
      "needsInterop": false
    },
    "@angular/common": {
      "src": "../../../../../../node_modules/@angular/common/fesm2022/common.mjs",
      "file": "@angular_common.js",
      "fileHash": "47c1fa29",
      "needsInterop": false
    },
    "@angular/core": {
      "src": "../../../../../../node_modules/@angular/core/fesm2022/core.mjs",
      "file": "@angular_core.js",
      "fileHash": "c48412ae",
      "needsInterop": false
    },
    "@angular/fire/app": {
      "src": "../../../../../../node_modules/@angular/fire/fesm2022/angular-fire-app.mjs",
      "file": "@angular_fire_app.js",
      "fileHash": "4023115a",
      "needsInterop": false
    },
    "@angular/fire/firestore": {
      "src": "../../../../../../node_modules/@angular/fire/fesm2022/angular-fire-firestore.mjs",
      "file": "@angular_fire_firestore.js",
      "fileHash": "1ac26155",
      "needsInterop": false
    },
    "@angular/forms": {
      "src": "../../../../../../node_modules/@angular/forms/fesm2022/forms.mjs",
      "file": "@angular_forms.js",
      "fileHash": "f7d3f7e5",
      "needsInterop": false
    },
    "@angular/material/button": {
      "src": "../../../../../../node_modules/@angular/material/fesm2022/button.mjs",
      "file": "@angular_material_button.js",
      "fileHash": "78b2f710",
      "needsInterop": false
    },
    "@angular/material/core": {
      "src": "../../../../../../node_modules/@angular/material/fesm2022/core.mjs",
      "file": "@angular_material_core.js",
      "fileHash": "a970b25a",
      "needsInterop": false
    },
    "@angular/material/datepicker": {
      "src": "../../../../../../node_modules/@angular/material/fesm2022/datepicker.mjs",
      "file": "@angular_material_datepicker.js",
      "fileHash": "bab71ff0",
      "needsInterop": false
    },
    "@angular/material/form-field": {
      "src": "../../../../../../node_modules/@angular/material/fesm2022/form-field.mjs",
      "file": "@angular_material_form-field.js",
      "fileHash": "81aa3e0f",
      "needsInterop": false
    },
    "@angular/material/input": {
      "src": "../../../../../../node_modules/@angular/material/fesm2022/input.mjs",
      "file": "@angular_material_input.js",
      "fileHash": "b7ab77b3",
      "needsInterop": false
    },
    "@angular/platform-browser": {
      "src": "../../../../../../node_modules/@angular/platform-browser/fesm2022/platform-browser.mjs",
      "file": "@angular_platform-browser.js",
      "fileHash": "c4417dea",
      "needsInterop": false
    },
    "@angular/platform-browser/animations/async": {
      "src": "../../../../../../node_modules/@angular/platform-browser/fesm2022/animations/async.mjs",
      "file": "@angular_platform-browser_animations_async.js",
      "fileHash": "6f726456",
      "needsInterop": false
    },
    "@angular/router": {
      "src": "../../../../../../node_modules/@angular/router/fesm2022/router.mjs",
      "file": "@angular_router.js",
      "fileHash": "5743c9a3",
      "needsInterop": false
    },
    "cytoscape": {
      "src": "../../../../../../node_modules/cytoscape/dist/cytoscape.esm.mjs",
      "file": "cytoscape.js",
      "fileHash": "b3b8f59d",
      "needsInterop": false
    },
    "firebase/app": {
      "src": "../../../../../../node_modules/firebase/app/dist/esm/index.esm.js",
      "file": "firebase_app.js",
      "fileHash": "6a4c1edd",
      "needsInterop": false
    },
    "firebase/firestore": {
      "src": "../../../../../../node_modules/firebase/firestore/dist/esm/index.esm.js",
      "file": "firebase_firestore.js",
      "fileHash": "b06d2773",
      "needsInterop": false
    },
    "ngx-quill": {
      "src": "../../../../../../node_modules/ngx-quill/fesm2022/ngx-quill.mjs",
      "file": "ngx-quill.js",
      "fileHash": "a91d2d0c",
      "needsInterop": false
    },
    "quill": {
      "src": "../../../../../../node_modules/quill/quill.js",
      "file": "quill.js",
      "fileHash": "11c1d9ac",
      "needsInterop": false
    }
  },
  "chunks": {
    "browser-23Z2PDMF": {
      "file": "browser-23Z2PDMF.js"
    },
    "chunk-67OWX2EV": {
      "file": "chunk-67OWX2EV.js"
    },
    "chunk-P7U55VI7": {
      "file": "chunk-P7U55VI7.js"
    },
    "chunk-AWNW7QFH": {
      "file": "chunk-AWNW7QFH.js"
    },
    "chunk-B2ISYY53": {
      "file": "chunk-B2ISYY53.js"
    },
    "chunk-BHP4M5OO": {
      "file": "chunk-BHP4M5OO.js"
    },
    "chunk-WFWYIIM6": {
      "file": "chunk-WFWYIIM6.js"
    },
    "chunk-LGG4GZZR": {
      "file": "chunk-LGG4GZZR.js"
    },
    "chunk-AI5WMVGF": {
      "file": "chunk-AI5WMVGF.js"
    },
    "chunk-KEBQDE4Y": {
      "file": "chunk-KEBQDE4Y.js"
    },
    "chunk-BUSZXUPK": {
      "file": "chunk-BUSZXUPK.js"
    },
    "chunk-ISGUJY53": {
      "file": "chunk-ISGUJY53.js"
    },
    "chunk-YKEV3D63": {
      "file": "chunk-YKEV3D63.js"
    },
    "chunk-5LWUXF3P": {
      "file": "chunk-5LWUXF3P.js"
    },
    "chunk-L6AVHC25": {
      "file": "chunk-L6AVHC25.js"
    },
    "chunk-NNNLFTTJ": {
      "file": "chunk-NNNLFTTJ.js"
    },
    "chunk-KTESVR3Q": {
      "file": "chunk-KTESVR3Q.js"
    }
  }
}